INSERT INTO Clients (ClientCode, Surname_CL, NAME_CL, OTCH_CL, BirthYear, ExitPermission, PassportNumber, TripPurpose)
VALUES
(1, 'Иванов', 'Иван', 'Иванович', '1980-01-15', 'Да', 1234, 'отдых'),
(2, 'Петров', 'Петр', 'Петрович', '1992-05-20', 'Нет', 5678, 'работа'),
(3, 'Сидоров', 'Алексей', 'Алексеевич', '1995-08-25', 'Да', 7890, 'отдых'),
(4, 'Козлов', 'Игорь', 'Игоревич', '1988-12-10', 'Нет', 2345, 'работа'),
(5, 'Михайлов', 'Сергей', 'Сергеевич', '1990-04-18', 'Да', 3456, 'отдых'),
(6, 'Андреева', 'Марина', 'Андреевна', '1985-11-30', 'Нет', 6789, 'работа'),
(7, 'Павлов', 'Дмитрий', 'Дмитриевич', '1993-09-22', 'Да', 4321, 'отдых'),
(8, 'Кузнецова', 'Екатерина', 'Александровна', '1987-07-05', 'Нет', 8765, 'работа'),
(9, 'Смирнова', 'Ольга', 'Игоревна', '1991-06-14', 'Нет', 9876, 'работа'),
(10, 'Козлов', 'Владимир', 'Петрович', '1983-03-07', 'Да', 5432, 'отдых'),
(11, 'Федоров', 'Марк', 'Андреевич', '1994-04-18', 'Да', 1357, 'отдых'),
(12, 'Алексеева', 'Анна', 'Владимировна', '1986-09-30', 'Нет', 8642, 'работа'),
(13, 'Крылова', 'Ирина', 'Александровна', '1990-07-25', 'Да', 2468, 'отдых'),
(14, 'Попов', 'Сергей', 'Игоревич', '1984-12-12', 'Нет', 7531, 'работа'),
(15, 'Васнецов', 'Евгений', 'Алексеевич', '1992-08-18', 'Нет', 9753, 'работа'),
(16, 'Григорьева', 'Елена', 'Сергеевна', '1989-05-10', 'Да', 8649, 'отдых'),
(17, 'Николаев', 'Татьяна', 'Петровна', '1993-01-22', 'Да', 3571, 'отдых'),
(18, 'Соколов', 'Артем', 'Артемович', '1987-11-05', 'Нет', 6890, 'работа'),
(19, 'Исаева', 'Елена', 'Игоревна', '1991-04-12', 'Да', 1236, 'отдых'),
(20, 'Фролов', 'Никита', 'Александрович', '1984-09-30', 'Нет', 7894, 'работа')

INSERT INTO Trips (TripCode, ClientCode, StartDate, NumberOfDays, VisaCost, TransportCost, DailyStayCost)
VALUES
(101, 1, '2023-03-01', 7, 5000.00, 1500.00, 800.00),
(102, 2, '2023-04-10', 10, 7000.00, 2000.00, 1000.00),
(103, 3, '2023-05-15', 5, 3000.00, 1200.00, 600.00),
(104, 4, '2023-06-20', 12, 8000.00, 2500.00, 1200.00),
(105, 5, '2023-07-10', 8, 6000.00, 1800.00, 900.00),
(106, 6, '2023-08-15', 15, 10000.00, 3000.00, 1500.00),
(107, 7, '2023-09-01', 10, 8000.00, 2000.00, 1200.00),
(108, 8, '2023-10-10', 7, 5000.00, 1500.00, 800.00),
(109, 9, '2023-11-15', 12, 9000.00, 2500.00, 1500.00),
(110, 10, '2023-12-20', 5, 4000.00, 1200.00, 700.00),
(111, 11, '2024-01-10', 7, 5500.00, 1800.00, 900.00),
(112, 12, '2024-02-15', 14, 9500.00, 2800.00, 1300.00),
(113, 13, '2024-03-01', 10, 7000.00, 2200.00, 1100.00),
(114, 14, '2024-04-10', 8, 6000.00, 1800.00, 1000.00),
(115, 15, '2024-05-15', 12, 8000.00, 2500.00, 1200.00),
(116, 16, '2024-06-20', 7, 5000.00, 1500.00, 800.00),
(117, 17, '2024-07-01', 9, 6500.00, 2000.00, 1000.00),
(118, 18, '2024-08-15', 14, 9000.00, 2800.00, 1300.00),
(119, 19, '2024-09-15', 10, 7000.00, 2200.00, 1100.00),
(120, 20, '2024-10-20', 7, 5000.00, 1800.00, 1000.00)


INSERT INTO Routes (RouteCode, StartDate, NumberOfDays, TripCode, DestinationCountry, Treatment, Excursions, Meals)
VALUES
(201, '2023-03-01', 7, 101, 'Италия', 'Да', 'Нет', 'Да'),
(202, '2023-04-10', 10, 102, 'Франция', 'Нет', 'Да', 'Да'),
(203, '2023-05-15', 5, 103, 'Греция', 'Да', 'Да', 'Да'),
(204, '2023-06-20', 12, 104, 'Испания', 'Да', 'Да', 'Да'),
(205, '2023-07-10', 8, 105, 'Турция', 'Нет', 'Да', 'Да'),
(206, '2023-08-15', 15, 106, 'Египет', 'Да', 'Да', 'Да'),
(207, '2023-09-01', 10, 107, 'Швейцария', 'Да', 'Да', 'Да'),
(208, '2023-10-10', 7, 108, 'Норвегия', 'Нет', 'Да', 'Да'),
(209, '2023-11-15', 12, 109, 'Австрия', 'Да', 'Да', 'Да'),
(210, '2023-12-20', 5, 110, 'Германия', 'Нет', 'Да', 'Да'),
(211, '2024-01-10', 7, 111, 'Португалия', 'Нет', 'Да', 'Да'),
(212, '2024-02-15', 14, 112, 'Ирландия', 'Да', 'Да', 'Да'),
(213, '2024-03-01', 10, 113, 'Испания', 'Да', 'Да', 'Да'),
(214, '2024-04-10', 8, 114, 'Греция', 'Нет', 'Да', 'Да'),
(215, '2024-05-15', 12, 115, 'Финляндия', 'Да', 'Да', 'Да'),
(216, '2024-06-20', 7, 116, 'Швеция', 'Нет', 'Да', 'Да'),
(217, '2024-07-01', 9, 117, 'Нидерланды', 'Нет', 'Да', 'Да'),
(218, '2024-08-15', 14, 118, 'Бельгия', 'Да', 'Да', 'Да'),
(219, '2024-09-15', 10, 119, 'Австралия', 'Да', 'Да', 'Да'),
(220, '2024-10-20', 7, 120, 'Новая Зеландия', 'Нет', 'Да', 'Да')